-- phpMyAdmin SQL Dump
-- version 5.2.1
-- https://www.phpmyadmin.net/
--
-- Host: localhost
-- Generation Time: Mar 04, 2024 at 06:44 AM
-- Server version: 10.4.28-MariaDB
-- PHP Version: 8.0.28

SET SQL_MODE = "NO_AUTO_VALUE_ON_ZERO";
START TRANSACTION;
SET time_zone = "+00:00";


/*!40101 SET @OLD_CHARACTER_SET_CLIENT=@@CHARACTER_SET_CLIENT */;
/*!40101 SET @OLD_CHARACTER_SET_RESULTS=@@CHARACTER_SET_RESULTS */;
/*!40101 SET @OLD_COLLATION_CONNECTION=@@COLLATION_CONNECTION */;
/*!40101 SET NAMES utf8mb4 */;

--
-- Database: `db_movie`
--

-- --------------------------------------------------------

--
-- Table structure for table `tbl_bookings`
--

CREATE TABLE `tbl_bookings` (
  `book_id` int(11) NOT NULL,
  `ticket_id` varchar(30) NOT NULL,
  `t_id` int(11) NOT NULL COMMENT 'theater id',
  `user_id` int(11) NOT NULL,
  `show_id` int(11) NOT NULL,
  `screen_id` int(11) NOT NULL,
  `no_seats` int(3) NOT NULL COMMENT 'number of seats',
  `amount` int(5) NOT NULL,
  `ticket_date` date NOT NULL,
  `date` date NOT NULL,
  `status` int(1) NOT NULL
) ENGINE=InnoDB DEFAULT CHARSET=latin1 COLLATE=latin1_swedish_ci;

--
-- Dumping data for table `tbl_bookings`
--

INSERT INTO `tbl_bookings` (`book_id`, `ticket_id`, `t_id`, `user_id`, `show_id`, `screen_id`, `no_seats`, `amount`, `ticket_date`, `date`, `status`) VALUES
(3, '', 4, 4, 3, 3, 200, 75, '2017-05-21', '2017-05-21', 1),
(4, '', 4, 4, 1, 3, 2, 150, '2017-05-22', '2017-05-22', 1),
(5, '', 3, 3, 6, 1, 200, 70, '2017-05-25', '2017-05-22', 1),
(6, '', 3, 3, 6, 1, 100, 70, '2017-05-22', '2017-05-22', 1),
(7, '', 3, 3, 5, 1, 1, 70, '2017-05-22', '2017-05-22', 1),
(11, 'BKID5258816', 4, 2, 3, 3, 1, 75, '2017-05-22', '2017-05-22', 1);

-- --------------------------------------------------------

--
-- Table structure for table `tbl_contact`
--

CREATE TABLE `tbl_contact` (
  `contact_id` int(11) NOT NULL,
  `name` varchar(100) NOT NULL,
  `email` varchar(100) NOT NULL,
  `mobile` int(11) NOT NULL,
  `subject` varchar(1000) NOT NULL
) ENGINE=InnoDB DEFAULT CHARSET=latin1 COLLATE=latin1_swedish_ci;

-- --------------------------------------------------------

--
-- Table structure for table `tbl_login`
--

CREATE TABLE `tbl_login` (
  `id` int(11) NOT NULL,
  `user_id` int(11) NOT NULL,
  `username` varchar(50) NOT NULL COMMENT 'email',
  `password` varchar(50) NOT NULL,
  `user_type` int(1) NOT NULL
) ENGINE=InnoDB DEFAULT CHARSET=latin1 COLLATE=latin1_swedish_ci;

--
-- Dumping data for table `tbl_login`
--

INSERT INTO `tbl_login` (`id`, `user_id`, `username`, `password`, `user_type`) VALUES
(1, 0, 'admin@gmail.com', 'password12345678', 0),
(15, 14, 'USR295127', 'PWD195747', 1),
(18, 5, 'ruwanperera@gmail.com', 'ruwan123', 2);

-- --------------------------------------------------------

--
-- Table structure for table `tbl_movie`
--

CREATE TABLE `tbl_movie` (
  `movie_id` int(11) NOT NULL,
  `t_id` int(11) NOT NULL COMMENT 'theatre id',
  `movie_name` varchar(100) NOT NULL,
  `cast` varchar(500) NOT NULL,
  `desc` varchar(1000) NOT NULL,
  `release_date` date NOT NULL,
  `image` varchar(200) NOT NULL,
  `video_url` varchar(200) NOT NULL,
  `status` int(1) NOT NULL COMMENT '0 means active '
) ENGINE=InnoDB DEFAULT CHARSET=latin1 COLLATE=latin1_swedish_ci;

--
-- Dumping data for table `tbl_movie`
--

INSERT INTO `tbl_movie` (`movie_id`, `t_id`, `movie_name`, `cast`, `desc`, `release_date`, `image`, `video_url`, `status`) VALUES
(11, 14, 'Sihinayaki Adare', 'Hemal Ranasinghe , Pooja Umashankar', 'A narrative unfolds, entwining the fates of four hearts propelled by destiny.', '2024-03-04', 'images/_sihinayaki.png', 'https://www.youtube.com/watch?v=iYQ9YzklBNU', 0),
(12, 14, 'Ape Principal', 'Dilhani Ekanayake', 'Plot kept under wraps.', '2023-12-13', 'images/_ape.png', 'https://www.youtube.com/watch?v=cleGpWjx_-0', 0);

-- --------------------------------------------------------

--
-- Table structure for table `tbl_news`
--

CREATE TABLE `tbl_news` (
  `news_id` int(11) NOT NULL,
  `name` varchar(100) NOT NULL,
  `cast` varchar(100) NOT NULL,
  `news_date` date NOT NULL,
  `description` varchar(200) NOT NULL,
  `attachment` varchar(200) NOT NULL
) ENGINE=InnoDB DEFAULT CHARSET=latin1 COLLATE=latin1_swedish_ci;

--
-- Dumping data for table `tbl_news`
--

INSERT INTO `tbl_news` (`news_id`, `name`, `cast`, `news_date`, `description`, `attachment`) VALUES
(3, 'Kung Fu Panda 4', 'Jack Black [ PO ]', '2024-03-08', 'Po is gearing up to become the spiritual leader of his Valley of Peace, but also needs someone to take his place as Dragon Warrior. ', 'news_images/_kungfu.png'),
(5, 'Monkey Man', 'Dev Patel [ KID ]', '2024-04-05', 'An anonymous young man unleashes a campaign of vengeance against the corrupt leaders who murdered his mother and continue to systemically victimize the poor and powerless.', 'news_images/_monkey.png'),
(6, 'Ghostbusters: Frozen Empire', 'Carrie Coon [ CALLIE SPENGLER ]', '2024-04-12', 'The Spengler family returns to where it all started – the iconic New York City firehouse – to team up with the original Ghostbusters,', 'news_images/_ghost.png');

-- --------------------------------------------------------

--
-- Table structure for table `tbl_registration`
--

CREATE TABLE `tbl_registration` (
  `user_id` int(11) NOT NULL,
  `name` varchar(50) NOT NULL,
  `email` varchar(50) NOT NULL,
  `phone` varchar(12) NOT NULL,
  `age` int(2) NOT NULL,
  `gender` varchar(10) NOT NULL
) ENGINE=InnoDB DEFAULT CHARSET=latin1 COLLATE=latin1_swedish_ci;

--
-- Dumping data for table `tbl_registration`
--

INSERT INTO `tbl_registration` (`user_id`, `name`, `email`, `phone`, `age`, `gender`) VALUES
(4, 'RishithaMenusha', 'test@gmail.com', '7170711047', 56, 'gender'),
(5, 'Ruwna Perera', 'ruwanperera@gmail.com', '7715678454', 34, 'gender');

-- --------------------------------------------------------

--
-- Table structure for table `tbl_screens`
--

CREATE TABLE `tbl_screens` (
  `screen_id` int(11) NOT NULL,
  `t_id` int(11) NOT NULL COMMENT 'theatre id',
  `screen_name` varchar(110) NOT NULL,
  `seats` int(11) NOT NULL COMMENT 'number of seats',
  `charge` int(11) NOT NULL
) ENGINE=InnoDB DEFAULT CHARSET=latin1 COLLATE=latin1_swedish_ci;

--
-- Dumping data for table `tbl_screens`
--

INSERT INTO `tbl_screens` (`screen_id`, `t_id`, `screen_name`, `seats`, `charge`) VALUES
(1, 3, 'Screen 1', 100, 70),
(2, 3, 'Screen 2', 150, 60),
(3, 4, 'Screen 1', 200, 75),
(4, 14, 'Screen1', 34, 120),
(5, 14, 'Screen 2', 60, 600);

-- --------------------------------------------------------

--
-- Table structure for table `tbl_shows`
--

CREATE TABLE `tbl_shows` (
  `s_id` int(11) NOT NULL,
  `st_id` int(11) NOT NULL COMMENT 'show time id',
  `theatre_id` int(11) NOT NULL,
  `movie_id` int(11) NOT NULL,
  `start_date` date NOT NULL,
  `status` int(11) NOT NULL COMMENT '1 means show available',
  `r_status` int(11) NOT NULL
) ENGINE=InnoDB DEFAULT CHARSET=latin1 COLLATE=latin1_swedish_ci;

--
-- Dumping data for table `tbl_shows`
--

INSERT INTO `tbl_shows` (`s_id`, `st_id`, `theatre_id`, `movie_id`, `start_date`, `status`, `r_status`) VALUES
(1, 9, 4, 1, '2017-05-01', 1, 1),
(19, 14, 14, 11, '2024-03-05', 1, 1),
(20, 14, 14, 12, '2024-03-04', 1, 1);

-- --------------------------------------------------------

--
-- Table structure for table `tbl_show_time`
--

CREATE TABLE `tbl_show_time` (
  `st_id` int(11) NOT NULL,
  `screen_id` int(11) NOT NULL,
  `name` varchar(40) NOT NULL COMMENT 'noon,second,etc',
  `start_time` time NOT NULL
) ENGINE=InnoDB DEFAULT CHARSET=latin1 COLLATE=latin1_swedish_ci;

--
-- Dumping data for table `tbl_show_time`
--

INSERT INTO `tbl_show_time` (`st_id`, `screen_id`, `name`, `start_time`) VALUES
(1, 1, 'Noon', '10:00:00'),
(2, 1, 'Matinee', '14:00:00'),
(3, 1, 'First', '18:00:00'),
(4, 1, 'Second', '21:00:00'),
(5, 2, 'Noon', '10:00:00'),
(6, 2, 'Matinee', '14:00:00'),
(7, 2, 'First', '18:00:00'),
(8, 2, 'Second', '21:00:00'),
(9, 3, 'Noon', '10:00:00'),
(10, 3, 'Matinee', '14:00:00'),
(11, 3, 'First', '18:00:00'),
(12, 3, 'Second', '21:00:00'),
(14, 4, 'Noon', '12:03:00'),
(15, 5, 'First', '17:00:00');

-- --------------------------------------------------------

--
-- Table structure for table `tbl_theatre`
--

CREATE TABLE `tbl_theatre` (
  `id` int(11) NOT NULL,
  `name` varchar(100) NOT NULL,
  `address` varchar(100) NOT NULL,
  `place` varchar(100) NOT NULL,
  `state` varchar(50) NOT NULL,
  `pin` int(11) NOT NULL
) ENGINE=InnoDB DEFAULT CHARSET=latin1 COLLATE=latin1_swedish_ci;

--
-- Dumping data for table `tbl_theatre`
--

INSERT INTO `tbl_theatre` (`id`, `name`, `address`, `place`, `state`, `pin`) VALUES
(2, 'Cineplex Movie Theatre', 'Kandy Town', 'Kandy', 'Kandy', 691523);

--
-- Indexes for dumped tables
--

--
-- Indexes for table `tbl_bookings`
--
ALTER TABLE `tbl_bookings`
  ADD PRIMARY KEY (`book_id`);

--
-- Indexes for table `tbl_contact`
--
ALTER TABLE `tbl_contact`
  ADD PRIMARY KEY (`contact_id`);

--
-- Indexes for table `tbl_login`
--
ALTER TABLE `tbl_login`
  ADD PRIMARY KEY (`id`);

--
-- Indexes for table `tbl_movie`
--
ALTER TABLE `tbl_movie`
  ADD PRIMARY KEY (`movie_id`);

--
-- Indexes for table `tbl_news`
--
ALTER TABLE `tbl_news`
  ADD PRIMARY KEY (`news_id`);

--
-- Indexes for table `tbl_registration`
--
ALTER TABLE `tbl_registration`
  ADD PRIMARY KEY (`user_id`);

--
-- Indexes for table `tbl_screens`
--
ALTER TABLE `tbl_screens`
  ADD PRIMARY KEY (`screen_id`);

--
-- Indexes for table `tbl_shows`
--
ALTER TABLE `tbl_shows`
  ADD PRIMARY KEY (`s_id`);

--
-- Indexes for table `tbl_show_time`
--
ALTER TABLE `tbl_show_time`
  ADD PRIMARY KEY (`st_id`);

--
-- Indexes for table `tbl_theatre`
--
ALTER TABLE `tbl_theatre`
  ADD PRIMARY KEY (`id`);

--
-- AUTO_INCREMENT for dumped tables
--

--
-- AUTO_INCREMENT for table `tbl_bookings`
--
ALTER TABLE `tbl_bookings`
  MODIFY `book_id` int(11) NOT NULL AUTO_INCREMENT, AUTO_INCREMENT=12;

--
-- AUTO_INCREMENT for table `tbl_contact`
--
ALTER TABLE `tbl_contact`
  MODIFY `contact_id` int(11) NOT NULL AUTO_INCREMENT;

--
-- AUTO_INCREMENT for table `tbl_login`
--
ALTER TABLE `tbl_login`
  MODIFY `id` int(11) NOT NULL AUTO_INCREMENT, AUTO_INCREMENT=19;

--
-- AUTO_INCREMENT for table `tbl_movie`
--
ALTER TABLE `tbl_movie`
  MODIFY `movie_id` int(11) NOT NULL AUTO_INCREMENT, AUTO_INCREMENT=13;

--
-- AUTO_INCREMENT for table `tbl_news`
--
ALTER TABLE `tbl_news`
  MODIFY `news_id` int(11) NOT NULL AUTO_INCREMENT, AUTO_INCREMENT=7;

--
-- AUTO_INCREMENT for table `tbl_registration`
--
ALTER TABLE `tbl_registration`
  MODIFY `user_id` int(11) NOT NULL AUTO_INCREMENT, AUTO_INCREMENT=6;

--
-- AUTO_INCREMENT for table `tbl_screens`
--
ALTER TABLE `tbl_screens`
  MODIFY `screen_id` int(11) NOT NULL AUTO_INCREMENT, AUTO_INCREMENT=6;

--
-- AUTO_INCREMENT for table `tbl_shows`
--
ALTER TABLE `tbl_shows`
  MODIFY `s_id` int(11) NOT NULL AUTO_INCREMENT, AUTO_INCREMENT=21;

--
-- AUTO_INCREMENT for table `tbl_show_time`
--
ALTER TABLE `tbl_show_time`
  MODIFY `st_id` int(11) NOT NULL AUTO_INCREMENT, AUTO_INCREMENT=16;

--
-- AUTO_INCREMENT for table `tbl_theatre`
--
ALTER TABLE `tbl_theatre`
  MODIFY `id` int(11) NOT NULL AUTO_INCREMENT, AUTO_INCREMENT=15;
COMMIT;

/*!40101 SET CHARACTER_SET_CLIENT=@OLD_CHARACTER_SET_CLIENT */;
/*!40101 SET CHARACTER_SET_RESULTS=@OLD_CHARACTER_SET_RESULTS */;
/*!40101 SET COLLATION_CONNECTION=@OLD_COLLATION_CONNECTION */;
